enter,leave,tonnes
,1/01/2020 4:40,129000
,1/01/2020 22:18,69055
,1/01/2020 11:47,138000
,2/01/2020 10:12,84600
,1/01/2020 22:39,142550
,2/01/2020 4:41,119600
,2/01/2020 19:57,113200
1/01/2020 9:35,3/01/2020 12:07,60000
,3/01/2020 4:42,142500
,3/01/2020 11:03,142500
1/01/2020 20:47,4/01/2020 8:58,66700
,3/01/2020 11:34,119200
1/01/2020 17:29,4/01/2020 4:43,128800
1/01/2020 21:23,4/01/2020 11:36,67400
2/01/2020 0:53,5/01/2020 0:20,100100
3/01/2020 13:29,5/01/2020 12:31,60200
2/01/2020 8:35,5/01/2020 4:44,118363
5/01/2020 2:23,6/01/2020 1:11,78900
4/01/2020 17:47,5/01/2020 15:12,128800
3/01/2020 14:11,5/01/2020 12:51,104400
5/01/2020 7:35,6/01/2020 13:15,71100
5/01/2020 7:35,6/01/2020 4:45,137600
5/01/2020 10:17,6/01/2020 19:00,111800
6/01/2020 0:29,7/01/2020 16:01,77400
6/01/2020 5:35,7/01/2020 2:20,137800
6/01/2020 1:17,7/01/2020 7:06,118400
6/01/2020 17:23,8/01/2020 3:13,63200
7/01/2020 3:17,8/01/2020 16:16,60200
7/01/2020 14:05,8/01/2020 23:06,70900
6/01/2020 11:11,8/01/2020 15:43,126165
6/01/2020 16:35,9/01/2020 9:23,124100
7/01/2020 1:17,8/01/2020 9:19,139950
8/01/2020 2:35,9/01/2020 18:04,62000
7/01/2020 6:41,9/01/2020 15:40,60135
9/01/2020 3:35,10/01/2020 18:49,69292
9/01/2020 8:11,10/01/2020 22:50,100900
9/01/2020 1:29,10/01/2020 18:16,130000
9/01/2020 10:41,11/01/2020 4:49,131100
5/01/2020 10:53,7/01/2020 4:46,127600
9/01/2020 11:47,11/01/2020 17:21,127264
9/01/2020 13:47,11/01/2020 20:41,69300
10/01/2020 8:59,12/01/2020 20:20,88000
10/01/2020 17:29,12/01/2020 21:14,60000
8/01/2020 13:53,11/01/2020 20:08,119168
10/01/2020 19:05,13/01/2020 4:40,68800
10/01/2020 12:41,12/01/2020 20:41,120400
11/01/2020 2:17,13/01/2020 17:09,115700
12/01/2020 3:05,13/01/2020 20:49,111800
12/01/2020 11:11,14/01/2020 4:52,142550
10/01/2020 22:41,13/01/2020 14:59,82300
12/01/2020 13:53,14/01/2020 11:01,85105
12/01/2020 23:29,14/01/2020 21:44,102300
10/01/2020 5:53,15/01/2020 4:53,142000
14/01/2020 1:53,15/01/2020 12:40,130800
14/01/2020 2:17,15/01/2020 12:10,132800
14/01/2020 7:41,16/01/2020 10:53,70000
13/01/2020 20:29,16/01/2020 10:30,73000
13/01/2020 11:17,15/01/2020 9:41,109000
14/01/2020 8:53,17/01/2020 11:41,60000
14/01/2020 8:11,17/01/2020 11:08,102000
15/01/2020 4:17,17/01/2020 23:38,64400
14/01/2020 16:41,18/01/2020 5:04,69605
13/01/2020 19:05,17/01/2020 17:04,122200
14/01/2020 21:23,17/01/2020 14:37,72400
15/01/2020 14:23,18/01/2020 11:36,82600
13/01/2020 19:11,18/01/2020 14:52,68200
16/01/2020 9:41,19/01/2020 3:13,69500
16/01/2020 5:11,19/01/2020 0:28,125100
17/01/2020 2:11,19/01/2020 13:37,68800
15/01/2020 3:35,19/01/2020 4:57,134300
16/01/2020 15:29,19/01/2020 11:27,86000
17/01/2020 14:23,20/01/2020 9:33,60200
17/01/2020 12:17,20/01/2020 2:50,112000
17/01/2020 5:41,20/01/2020 0:25,127000
17/01/2020 14:53,20/01/2020 15:39,73200
17/01/2020 14:41,20/01/2020 13:29,63700
17/01/2020 18:11,21/01/2020 2:05,75300
18/01/2020 0:59,21/01/2020 14:24,68800
17/01/2020 1:47,21/01/2020 19:48,77400
17/01/2020 14:53,21/01/2020 13:51,116200
18/01/2020 5:29,21/01/2020 16:34,131800
16/01/2020 18:47,22/01/2020 5:00,110200
20/01/2020 13:53,22/01/2020 7:44,140810
21/01/2020 12:47,23/01/2020 4:29,76555
21/01/2020 4:29,22/01/2020 15:15,141000
21/01/2020 21:05,23/01/2020 16:12,111800
23/01/2020 1:17,23/01/2020 16:42,148800
23/01/2020 10:17,24/01/2020 17:16,76800
22/01/2020 7:29,24/01/2020 5:02,140000
24/01/2020 19:05,25/01/2020 14:37,93563
24/01/2020 3:59,25/01/2020 6:15,133800
23/01/2020 22:59,25/01/2020 5:44,120450
18/01/2020 5:59,22/01/2020 14:45,113400
24/01/2020 23:41,26/01/2020 6:26,111800
25/01/2020 1:17,26/01/2020 14:05,116600
25/01/2020 3:29,26/01/2020 19:13,62600
25/01/2020 8:59,26/01/2020 19:33,133800
26/01/2020 20:47,27/01/2020 20:36,86000
25/01/2020 11:47,27/01/2020 7:10,102300
25/01/2020 14:53,27/01/2020 20:03,112200
26/01/2020 22:17,28/01/2020 7:51,102200
25/01/2020 12:05,28/01/2020 5:06,132600
27/01/2020 3:53,28/01/2020 20:57,77200
26/01/2020 22:35,28/01/2020 17:41,127100
27/01/2020 7:47,29/01/2020 10:33,130000
28/01/2020 1:53,30/01/2020 5:08,102800
27/01/2020 1:11,28/01/2020 20:34,86000
28/01/2020 20:29,30/01/2020 21:53,64400
28/01/2020 13:23,30/01/2020 0:21,73700
28/01/2020 14:05,31/01/2020 5:09,111600
29/01/2020 22:05,31/01/2020 20:22,82900
29/01/2020 6:35,31/01/2020 9:54,125162
29/01/2020 7:17,31/01/2020 12:14,130700
29/01/2020 9:59,31/01/2020 18:02,135300
30/01/2020 2:47,1/02/2020 10:37,123350
31/01/2020 11:41,1/02/2020 23:18,111800
30/01/2020 16:41,2/02/2020 5:42,144200
31/01/2020 11:59,2/02/2020 11:23,69600
30/01/2020 10:53,2/02/2020 5:11,140000
31/01/2020 22:53,3/02/2020 12:24,75000
31/01/2020 17:47,3/02/2020 0:38,116900
31/01/2020 12:53,3/02/2020 0:08,110400
1/02/2020 21:17,4/02/2020 7:32,81600
1/02/2020 20:59,4/02/2020 5:12,114200
1/02/2020 20:59,3/02/2020 12:45,113600
2/02/2020 19:53,4/02/2020 13:47,121200
3/02/2020 6:53,5/02/2020 1:34,64000
2/02/2020 5:11,4/02/2020 13:17,123350
3/02/2020 20:53,5/02/2020 15:06,65100
4/02/2020 7:11,5/02/2020 15:29,73400
4/02/2020 20:11,6/02/2020 2:50,68800
3/02/2020 0:35,5/02/2020 14:33,140100
5/02/2020 2:05,6/02/2020 8:06,89548
5/02/2020 4:47,6/02/2020 10:15,139800
4/02/2020 9:59,5/02/2020 20:29,60200
5/02/2020 18:53,7/02/2020 5:15,123350
6/02/2020 9:53,8/02/2020 4:50,60200
5/02/2020 5:53,7/02/2020 13:57,156900
6/02/2020 7:11,7/02/2020 17:48,128800
6/02/2020 9:35,8/02/2020 18:04,82800
6/02/2020 12:11,9/02/2020 7:42,74910
6/02/2020 22:17,9/02/2020 5:17,131400
7/02/2020 7:53,9/02/2020 19:00,78600
7/02/2020 11:05,10/02/2020 5:54,89400
7/02/2020 10:35,9/02/2020 21:10,85500
8/02/2020 15:23,11/02/2020 9:11,70830
8/02/2020 6:35,10/02/2020 19:47,101100
5/02/2020 13:59,6/02/2020 22:12,68205
9/02/2020 3:17,11/02/2020 13:20,72000
9/02/2020 6:11,12/02/2020 1:42,83700
9/02/2020 9:47,12/02/2020 8:37,117421
10/02/2020 5:11,12/02/2020 16:11,67300
10/02/2020 2:35,12/02/2020 13:51,109800
10/02/2020 9:35,13/02/2020 3:49,101500
8/02/2020 9:11,10/02/2020 22:07,66700
10/02/2020 19:17,13/02/2020 17:24,138800
11/02/2020 3:23,14/02/2020 10:35,77400
11/02/2020 1:35,14/02/2020 10:12,98000
11/02/2020 3:47,14/02/2020 21:23,60100
11/02/2020 7:47,15/02/2020 5:22,128400
11/02/2020 12:41,15/02/2020 15:28,62558
12/02/2020 4:17,16/02/2020 1:03,106000
11/02/2020 11:23,15/02/2020 13:08,142100
14/02/2020 12:47,16/02/2020 13:28,103200
12/02/2020 12:23,16/02/2020 11:08,137600
15/02/2020 4:11,18/02/2020 0:07,67000
13/02/2020 14:47,17/02/2020 12:23,142100
15/02/2020 16:53,18/02/2020 12:25,130000
14/02/2020 7:35,17/02/2020 11:53,131800
17/02/2020 4:35,18/02/2020 20:03,79000
12/02/2020 17:05,19/02/2020 5:26,142550
16/02/2020 19:41,20/02/2020 7:46,66861
17/02/2020 4:41,20/02/2020 1:46,147200
17/02/2020 5:53,20/02/2020 15:10,171200
18/02/2020 16:35,21/02/2020 5:27,137600
17/02/2020 12:29,21/02/2020 15:26,105600
18/02/2020 10:59,22/02/2020 16:42,77400
17/02/2020 12:11,20/02/2020 5:26,132400
18/02/2020 13:53,22/02/2020 5:44,106335
20/02/2020 14:47,23/02/2020 5:29,140550
18/02/2020 11:05,23/02/2020 17:43,110670
20/02/2020 22:53,23/02/2020 11:55,122600
17/02/2020 12:11,24/02/2020 5:46,138000
22/02/2020 1:23,24/02/2020 18:41,73600
22/02/2020 14:59,25/02/2020 7:55,60800
21/02/2020 7:11,25/02/2020 5:30,135600
22/02/2020 4:53,25/02/2020 21:24,103200
10/02/2020 12:05,13/02/2020 9:33,79000
19/02/2020 20:29,26/02/2020 5:31,135600
23/02/2020 19:29,27/02/2020 11:12,79600
22/02/2020 6:11,27/02/2020 8:03,101600
22/02/2020 22:23,27/02/2020 20:35,79100
19/02/2020 3:05,25/02/2020 19:14,64500
23/02/2020 12:35,26/02/2020 19:55,78000
24/02/2020 1:47,28/02/2020 8:47,81000
23/02/2020 22:35,28/02/2020 13:57,60200
25/02/2020 8:47,28/02/2020 17:31,70800
24/02/2020 16:47,28/02/2020 6:19,128000
26/02/2020 1:29,29/02/2020 5:34,124600
26/02/2020 8:59,29/02/2020 8:24,106000
24/02/2020 15:17,29/02/2020 6:04,126850
26/02/2020 22:59,29/02/2020 22:00,100000
26/02/2020 23:35,1/03/2020 10:32,64900
27/02/2020 2:11,1/03/2020 10:55,67799
26/02/2020 21:05,29/02/2020 16:58,129000
27/02/2020 13:41,2/03/2020 1:10,106000
26/02/2020 5:59,1/03/2020 22:45,118400
26/02/2020 16:11,2/03/2020 5:35,136800
27/02/2020 0:23,2/03/2020 11:45,78900
26/02/2020 20:11,2/03/2020 11:12,107600
27/02/2020 19:47,2/03/2020 23:33,77400
28/02/2020 3:23,3/03/2020 12:16,85750
28/02/2020 23:35,3/03/2020 12:39,71500
29/02/2020 12:41,3/03/2020 14:49,102100
29/02/2020 20:41,4/03/2020 8:47,92300
29/02/2020 15:05,4/03/2020 2:36,113800
29/02/2020 21:47,5/03/2020 0:24,74700
1/03/2020 15:29,5/03/2020 4:41,60200
1/03/2020 16:05,5/03/2020 13:17,75000
2/03/2020 1:47,5/03/2020 18:56,85150
29/02/2020 19:35,4/03/2020 6:27,141150
2/03/2020 15:47,5/03/2020 22:22,112000
29/02/2020 14:59,4/03/2020 0:26,72000
2/03/2020 21:11,6/03/2020 22:17,73600
2/03/2020 18:41,6/03/2020 8:07,125100
3/03/2020 4:47,7/03/2020 2:53,75850
4/03/2020 8:59,7/03/2020 9:48,74200
2/03/2020 18:59,7/03/2020 5:39,127800
4/03/2020 19:53,7/03/2020 17:58,115150
5/03/2020 3:23,7/03/2020 23:47,81900
5/03/2020 7:11,8/03/2020 6:38,80500
4/03/2020 13:35,7/03/2020 15:42,66700
3/03/2020 5:23,8/03/2020 17:02,72300
5/03/2020 15:59,8/03/2020 17:25,76800
5/03/2020 19:23,9/03/2020 5:40,140000
6/03/2020 17:29,9/03/2020 10:37,75600
6/03/2020 10:29,9/03/2020 8:00,158251
6/03/2020 20:47,10/03/2020 18:26,73600
6/03/2020 21:35,9/03/2020 17:23,94600
8/03/2020 8:41,11/03/2020 1:29,92000
7/03/2020 3:23,11/03/2020 12:50,136600
8/03/2020 9:29,11/03/2020 6:31,143000
6/03/2020 10:23,9/03/2020 4:16,103200
9/03/2020 1:47,12/03/2020 19:50,86000
8/03/2020 18:17,11/03/2020 18:30,127200
7/03/2020 18:23,12/03/2020 6:02,138800
9/03/2020 11:47,13/03/2020 8:08,109000
9/03/2020 12:17,13/03/2020 14:07,110000
7/03/2020 4:35,13/03/2020 5:43,148900
10/03/2020 3:35,13/03/2020 20:57,73200
11/03/2020 8:29,14/03/2020 8:29,121600
9/03/2020 18:53,13/03/2020 20:24,100000
12/03/2020 2:35,14/03/2020 21:36,113000
12/03/2020 19:29,15/03/2020 12:53,60000
12/03/2020 2:29,14/03/2020 21:06,139500
12/03/2020 21:05,15/03/2020 21:19,60100
12/03/2020 7:17,15/03/2020 5:45,142000
12/03/2020 8:23,15/03/2020 10:07,78550
12/03/2020 21:11,16/03/2020 9:42,86000
13/03/2020 4:17,16/03/2020 10:05,71550
13/03/2020 15:59,16/03/2020 18:45,102300
15/03/2020 5:53,17/03/2020 8:36,74000
15/03/2020 7:29,17/03/2020 4:36,118400
13/03/2020 22:59,17/03/2020 5:46,135000
15/03/2020 18:29,18/03/2020 5:23,60000
14/03/2020 19:23,17/03/2020 6:16,136000
16/03/2020 18:29,18/03/2020 11:43,127000
16/03/2020 18:35,19/03/2020 5:48,140300
16/03/2020 14:29,18/03/2020 21:46,137008
16/03/2020 18:23,19/03/2020 23:53,116000
16/03/2020 17:59,18/03/2020 11:12,105000
18/03/2020 21:17,21/03/2020 0:48,86000
17/03/2020 9:11,20/03/2020 12:46,158900
19/03/2020 1:11,21/03/2020 14:35,67300
16/03/2020 12:59,18/03/2020 5:47,120400
18/03/2020 12:11,21/03/2020 14:02,122540
18/03/2020 6:41,21/03/2020 19:25,68800
19/03/2020 21:05,22/03/2020 11:57,70200
19/03/2020 12:53,22/03/2020 15:13,94600
19/03/2020 12:29,22/03/2020 1:54,133800
17/03/2020 19:29,22/03/2020 17:46,68800
19/03/2020 17:41,22/03/2020 15:36,92000
21/03/2020 10:23,23/03/2020 16:47,73300
21/03/2020 4:59,23/03/2020 4:03,124000
21/03/2020 5:23,23/03/2020 10:38,104000
21/03/2020 17:41,24/03/2020 2:18,75000
21/03/2020 18:53,24/03/2020 17:03,71300
21/03/2020 6:17,23/03/2020 16:14,100000
21/03/2020 21:53,24/03/2020 17:26,73600
22/03/2020 13:35,25/03/2020 12:46,71600
21/03/2020 16:29,24/03/2020 17:49,98200
23/03/2020 3:35,26/03/2020 5:04,81600
22/03/2020 13:41,26/03/2020 1:11,111800
22/03/2020 6:29,25/03/2020 9:22,140300
20/03/2020 15:05,24/03/2020 20:00,71500
22/03/2020 17:53,27/03/2020 1:58,67000
23/03/2020 12:41,26/03/2020 12:16,102100
24/03/2020 8:17,27/03/2020 7:13,110400
25/03/2020 14:59,27/03/2020 19:36,102700
24/03/2020 7:59,27/03/2020 6:43,143200
24/03/2020 9:53,27/03/2020 14:52,133400
25/03/2020 19:05,28/03/2020 19:50,64400
25/03/2020 18:59,28/03/2020 7:24,129600
26/03/2020 21:59,29/03/2020 11:48,89683
25/03/2020 2:17,29/03/2020 8:34,117800
26/03/2020 15:29,29/03/2020 9:37,64400
25/03/2020 18:53,29/03/2020 9:04,124700
24/03/2020 7:11,29/03/2020 20:36,81000
27/03/2020 3:47,30/03/2020 8:10,127600
27/03/2020 9:11,30/03/2020 10:36,119600
11/03/2020 17:41,30/03/2020 21:25,128400
27/03/2020 19:41,30/03/2020 23:45,101200
27/03/2020 23:41,31/03/2020 10:24,103200
27/03/2020 16:17,31/03/2020 5:56,140300
29/03/2020 14:53,1/04/2020 18:25,94600
29/03/2020 7:05,1/04/2020 23:09,74700
28/03/2020 10:23,31/03/2020 22:25,101000
29/03/2020 23:53,2/04/2020 14:00,90000
30/03/2020 18:41,3/04/2020 2:17,69800
28/03/2020 22:47,31/03/2020 22:55,114200
30/03/2020 12:23,3/04/2020 13:11,113500
19/03/2020 20:47,3/04/2020 4:28,110500
30/03/2020 19:59,3/04/2020 17:35,69000
4/04/2020 3:05,4/04/2020 14:56,63200
31/03/2020 17:23,4/04/2020 5:59,136700
2/04/2020 20:11,4/04/2020 14:33,71650
3/04/2020 15:17,4/04/2020 19:23,108120
3/04/2020 10:17,5/04/2020 15:29,85300
4/04/2020 3:47,5/04/2020 6:36,121240
31/03/2020 19:35,6/04/2020 3:27,73000
30/03/2020 12:05,5/04/2020 21:59,104800
2/04/2020 1:35,4/04/2020 1:11,83200
3/04/2020 22:05,6/04/2020 13:21,140000
4/04/2020 12:41,7/04/2020 4:26,75500
5/04/2020 19:23,7/04/2020 9:38,75620
5/04/2020 9:29,7/04/2020 6:01,133100
1/04/2020 1:17,7/04/2020 6:31,115500
6/04/2020 7:35,8/04/2020 4:24,105600
7/04/2020 6:05,7/04/2020 17:15,60200
6/04/2020 22:29,8/04/2020 17:57,125200
30/03/2020 16:11,7/04/2020 22:14,121400
4/04/2020 11:47,9/04/2020 17:08,94600
7/04/2020 8:41,9/04/2020 8:33,136800
30/03/2020 19:47,10/04/2020 7:27,68800
9/04/2020 4:23,9/04/2020 7:37,136000
4/04/2020 7:11,10/04/2020 19:10,100000
8/04/2020 14:59,10/04/2020 6:54,109400
10/04/2020 5:05,10/04/2020 19:40,138000
9/04/2020 10:17,11/04/2020 7:55,128000
5/04/2020 5:41,11/04/2020 7:25,109800
11/04/2020 4:41,11/04/2020 16:56,123350
5/04/2020 5:11,12/04/2020 8:30,125800
10/04/2020 15:35,12/04/2020 20:34,60100
7/04/2020 18:35,12/04/2020 6:05,168500
10/04/2020 7:29,12/04/2020 20:57,77400
1/04/2020 14:17,13/04/2020 8:41,64400
11/04/2020 11:23,13/04/2020 6:05,132400
11/04/2020 22:35,13/04/2020 11:38,68800
12/04/2020 16:29,13/04/2020 20:47,69500
11/04/2020 9:53,14/04/2020 6:06,111800
13/04/2020 0:05,15/04/2020 6:07,138000
9/04/2020 21:59,16/04/2020 2:54,62000
15/04/2020 11:53,15/04/2020 12:18,130574
12/04/2020 12:29,16/04/2020 8:04,77400
15/04/2020 17:29,16/04/2020 17:58,78947
16/04/2020 14:41,16/04/2020 15:06,124600
16/04/2020 3:41,17/04/2020 11:28,77900
17/04/2020 14:35,17/04/2020 15:00,111800
17/04/2020 4:05,18/04/2020 3:37,75300
14/04/2020 6:23,18/04/2020 6:09,138000
18/04/2020 6:41,18/04/2020 14:25,115400
15/04/2020 22:17,18/04/2020 8:59,135500
15/04/2020 10:41,18/04/2020 6:39,125400
15/04/2020 18:29,18/04/2020 21:43,110000
17/04/2020 5:23,19/04/2020 13:19,129000
19/04/2020 2:53,20/04/2020 15:05,64000
18/04/2020 22:17,20/04/2020 6:10,123350
18/04/2020 23:59,21/04/2020 2:15,71800
7/04/2020 15:29,21/04/2020 9:34,118200
14/04/2020 4:29,20/04/2020 14:32,140000
21/04/2020 9:11,22/04/2020 16:13,78400
12/04/2020 21:23,21/04/2020 15:21,152800
21/04/2020 7:29,23/04/2020 9:39,101200
12/04/2020 19:23,20/04/2020 1:20,104600
20/04/2020 1:35,23/04/2020 4:19,129000
21/04/2020 19:41,23/04/2020 17:02,91600
20/04/2020 19:05,21/04/2020 19:02,109000
21/04/2020 21:41,24/04/2020 7:09,134600
20/04/2020 14:11,24/04/2020 17:59,117700
21/04/2020 15:17,24/04/2020 20:20,116400
22/04/2020 8:17,25/04/2020 6:14,146500
22/04/2020 0:35,25/04/2020 6:45,140800
22/04/2020 21:35,26/04/2020 9:10,105600
22/04/2020 23:17,26/04/2020 6:15,127400
23/04/2020 7:29,26/04/2020 6:45,144100
22/04/2020 11:41,26/04/2020 19:36,111800
24/04/2020 3:41,27/04/2020 6:15,126859
22/04/2020 17:41,27/04/2020 8:50,101200
25/04/2020 17:23,28/04/2020 10:18,60200
24/04/2020 18:41,27/04/2020 9:20,103200
24/04/2020 18:29,27/04/2020 20:15,102200
24/04/2020 6:35,28/04/2020 9:45,122800
26/04/2020 7:05,29/04/2020 5:42,123600
27/04/2020 11:35,29/04/2020 22:59,60200
26/04/2020 20:17,29/04/2020 10:24,133800
26/04/2020 14:35,30/04/2020 10:52,124958
27/04/2020 1:29,30/04/2020 14:35,128400
25/04/2020 7:47,28/04/2020 9:15,136800
28/04/2020 16:23,30/04/2020 22:52,76000
25/04/2020 15:35,29/04/2020 10:04,86000
27/04/2020 10:11,1/05/2020 13:17,140000
29/04/2020 0:05,1/05/2020 23:56,127200
29/04/2020 23:23,2/05/2020 0:27,109200
30/04/2020 5:11,2/05/2020 2:47,71550
28/04/2020 18:41,2/05/2020 7:18,134400
28/04/2020 0:47,3/05/2020 1:05,119100
27/04/2020 2:29,3/05/2020 6:20,125200
28/04/2020 16:59,3/05/2020 6:51,119400
1/05/2020 3:29,3/05/2020 14:19,60200
27/04/2020 17:47,3/05/2020 13:56,66400
1/05/2020 16:29,4/05/2020 1:48,92000
1/05/2020 21:35,4/05/2020 15:06,60000
3/05/2020 18:41,4/05/2020 21:47,72650
30/04/2020 12:59,4/05/2020 15:26,118100
3/05/2020 18:59,4/05/2020 22:07,105500
3/05/2020 19:17,5/05/2020 6:15,74445
4/05/2020 10:17,5/05/2020 14:11,65850
3/05/2020 2:23,4/05/2020 19:19,119100
4/05/2020 21:05,6/05/2020 6:22,130000
3/05/2020 3:47,6/05/2020 10:48,162100
4/05/2020 10:59,5/05/2020 16:26,115700
3/05/2020 22:47,6/05/2020 4:11,114900
4/05/2020 5:23,7/05/2020 4:45,68800
6/05/2020 14:41,8/05/2020 5:51,69471
6/05/2020 20:59,8/05/2020 6:56,71650
6/05/2020 7:23,8/05/2020 6:23,135700
7/05/2020 4:53,8/05/2020 7:17,112000
7/05/2020 18:41,9/05/2020 2:33,75000
7/05/2020 17:17,8/05/2020 21:47,62600
7/05/2020 16:29,8/05/2020 13:26,68800
8/05/2020 16:59,9/05/2020 19:29,100000
8/05/2020 18:05,9/05/2020 21:49,138800
9/05/2020 4:23,10/05/2020 15:36,66000
6/05/2020 9:35,10/05/2020 6:25,129000
9/05/2020 0:11,10/05/2020 7:26,146200
7/05/2020 22:23,10/05/2020 6:55,124600
9/05/2020 14:47,11/05/2020 7:38,99142
9/05/2020 11:29,11/05/2020 19:47,90200
9/05/2020 17:59,11/05/2020 11:43,113900
10/05/2020 1:17,12/05/2020 8:26,88200
11/05/2020 1:47,12/05/2020 15:55,68800
11/05/2020 4:41,12/05/2020 20:22,105600
10/05/2020 12:53,12/05/2020 13:35,103900
10/05/2020 7:35,12/05/2020 8:47,136200
12/05/2020 13:23,13/05/2020 21:39,66218
11/05/2020 12:05,13/05/2020 8:46,114500
11/05/2020 6:53,13/05/2020 6:27,150200
11/05/2020 18:47,13/05/2020 21:06,103000
13/05/2020 11:23,14/05/2020 17:05,105584
13/05/2020 3:29,14/05/2020 9:38,119600
12/05/2020 19:23,15/05/2020 10:30,80500
14/05/2020 3:29,15/05/2020 10:53,62600
13/05/2020 20:11,15/05/2020 6:28,150400
15/05/2020 1:11,15/05/2020 22:54,60200
15/05/2020 6:29,16/05/2020 7:54,80000
15/05/2020 2:47,16/05/2020 4:40,70600
15/05/2020 18:41,16/05/2020 12:29,68800
15/05/2020 20:23,16/05/2020 17:41,67300
16/05/2020 9:35,17/05/2020 2:29,63100
14/05/2020 15:47,15/05/2020 22:21,111800
16/05/2020 8:23,17/05/2020 6:29,115400
16/05/2020 12:41,17/05/2020 5:38,112400
16/05/2020 19:05,17/05/2020 23:40,88000
17/05/2020 19:05,18/05/2020 13:28,71100
16/05/2020 18:29,17/05/2020 19:52,125400
14/05/2020 12:05,17/05/2020 14:55,139400
17/05/2020 19:53,18/05/2020 19:36,103200
16/05/2020 11:05,18/05/2020 12:55,133800
17/05/2020 14:41,19/05/2020 13:51,134600
18/05/2020 9:17,19/05/2020 14:24,86900
17/05/2020 21:11,19/05/2020 8:27,79600
19/05/2020 10:35,21/05/2020 7:03,122600
19/05/2020 2:23,21/05/2020 6:32,145600
19/05/2020 1:47,20/05/2020 19:48,71586
18/05/2020 11:05,20/05/2020 19:25,71200
18/05/2020 10:29,21/05/2020 3:25,119368
22/05/2020 2:35,22/05/2020 17:12,135334
21/05/2020 14:17,22/05/2020 16:42,141480
23/05/2020 7:11,23/05/2020 7:36,133000
20/05/2020 12:23,23/05/2020 13:50,110300
24/05/2020 2:47,24/05/2020 6:33,109000
24/05/2020 4:41,24/05/2020 8:06,109800
23/05/2020 17:53,24/05/2020 18:25,108600
24/05/2020 22:53,25/05/2020 11:37,77900
25/05/2020 12:05,26/05/2020 15:59,101500
26/05/2020 0:29,27/05/2020 3:55,106800
24/05/2020 8:47,27/05/2020 9:29,101200
26/05/2020 20:59,27/05/2020 6:35,141800
27/05/2020 18:59,28/05/2020 6:36,121800
27/05/2020 21:23,28/05/2020 21:41,81000
28/05/2020 8:41,28/05/2020 13:51,137000
21/05/2020 20:11,28/05/2020 9:49,145400
28/05/2020 14:29,29/05/2020 10:33,121800
24/05/2020 9:59,28/05/2020 1:43,134400
29/05/2020 13:59,29/05/2020 19:49,116200
28/05/2020 19:53,29/05/2020 23:12,100600
29/05/2020 15:35,29/05/2020 22:42,102050
29/05/2020 0:29,30/05/2020 11:46,137200
22/05/2020 3:53,30/05/2020 23:32,133200
29/05/2020 8:05,31/05/2020 6:37,133800
30/05/2020 5:53,31/05/2020 12:30,122000
29/05/2020 10:23,31/05/2020 13:01,122800
31/05/2020 8:53,1/06/2020 13:59,60200
30/05/2020 8:17,1/06/2020 6:38,110400
31/05/2020 17:29,2/06/2020 1:08,70500
1/06/2020 5:35,2/06/2020 7:46,75000
30/05/2020 18:41,1/06/2020 7:09,129000
30/05/2020 17:35,1/06/2020 13:26,147800
1/06/2020 19:23,3/06/2020 2:06,66600
2/06/2020 4:47,2/06/2020 21:17,83250
29/05/2020 16:41,2/06/2020 14:12,127000
3/06/2020 5:59,3/06/2020 18:18,79200
3/06/2020 4:41,3/06/2020 15:08,106700
3/06/2020 3:47,3/06/2020 18:42,89800
3/06/2020 23:17,4/06/2020 15:59,76910
4/06/2020 10:41,4/06/2020 12:42,90000
3/06/2020 12:47,4/06/2020 4:10,63700
2/06/2020 6:11,3/06/2020 6:38,130200
4/06/2020 21:35,5/06/2020 9:04,73600
5/06/2020 14:23,5/06/2020 16:46,81600
4/06/2020 20:05,4/06/2020 20:30,122900
5/06/2020 0:23,5/06/2020 13:00,105600
5/06/2020 17:47,6/06/2020 2:01,84000
5/06/2020 13:05,5/06/2020 13:33,62250
5/06/2020 23:53,6/06/2020 17:38,111800
6/06/2020 2:29,6/06/2020 18:08,120900
6/06/2020 1:23,7/06/2020 6:40,121450
6/06/2020 16:47,7/06/2020 7:10,132100
8/06/2020 3:17,8/06/2020 3:42,82800
8/06/2020 5:41,8/06/2020 6:06,132400
8/06/2020 5:53,8/06/2020 18:56,76800
8/06/2020 0:29,8/06/2020 6:40,138000
8/06/2020 7:29,8/06/2020 21:49,94200
9/06/2020 0:05,9/06/2020 7:39,68500
8/06/2020 6:59,8/06/2020 19:16,114000
9/06/2020 11:29,9/06/2020 12:14,60200
9/06/2020 14:35,9/06/2020 23:26,72300
9/06/2020 13:47,9/06/2020 19:23,142550
9/06/2020 15:35,10/06/2020 1:36,119300
10/06/2020 6:23,10/06/2020 17:14,109400
10/06/2020 1:11,10/06/2020 10:36,128800
11/06/2020 10:47,11/06/2020 11:12,124330
11/06/2020 1:53,11/06/2020 2:18,86300
9/06/2020 22:53,10/06/2020 7:56,135800
11/06/2020 16:29,12/06/2020 6:41,133000
12/06/2020 4:05,12/06/2020 21:13,120300
11/06/2020 20:29,12/06/2020 9:15,120400
13/06/2020 16:29,13/06/2020 16:54,73100
13/06/2020 0:23,13/06/2020 6:41,131800
14/06/2020 0:17,14/06/2020 6:42,124600
14/06/2020 14:05,14/06/2020 14:30,120400
14/06/2020 19:23,14/06/2020 19:48,105800
15/06/2020 0:59,15/06/2020 7:12,128800
14/06/2020 21:53,15/06/2020 6:42,133200
15/06/2020 10:47,15/06/2020 11:23,107400
15/06/2020 19:59,15/06/2020 23:24,76704
16/06/2020 5:29,16/06/2020 6:42,142200
16/06/2020 21:53,16/06/2020 22:18,85590
17/06/2020 11:05,17/06/2020 13:07,122000
17/06/2020 11:23,17/06/2020 13:37,103000
17/06/2020 16:59,18/06/2020 6:42,138700
17/06/2020 22:23,17/06/2020 22:48,108800
18/06/2020 11:53,18/06/2020 14:16,128800
18/06/2020 21:05,18/06/2020 21:30,80000
19/06/2020 5:29,19/06/2020 5:54,76400
19/06/2020 12:41,19/06/2020 15:26,72800
19/06/2020 15:35,19/06/2020 16:00,124500
19/06/2020 16:53,19/06/2020 17:18,126400
20/06/2020 16:05,20/06/2020 16:30,76800
21/06/2020 2:59,21/06/2020 7:12,125200
21/06/2020 1:53,21/06/2020 6:42,151000
21/06/2020 20:11,22/06/2020 6:42,105500
22/06/2020 21:29,22/06/2020 21:54,69600
23/06/2020 3:29,23/06/2020 7:12,129000
22/06/2020 19:29,23/06/2020 6:42,132600
23/06/2020 6:23,23/06/2020 7:43,138300
23/06/2020 17:59,23/06/2020 18:24,114600
23/06/2020 21:11,24/06/2020 8:26,87000
23/06/2020 19:11,24/06/2020 7:52,125100
23/06/2020 21:29,24/06/2020 19:44,69000
23/06/2020 23:35,25/06/2020 8:28,79000
24/06/2020 0:35,25/06/2020 10:40,138600
24/06/2020 12:53,25/06/2020 23:27,119200
23/06/2020 12:53,23/06/2020 14:03,127800
24/06/2020 12:47,25/06/2020 20:34,105700
24/06/2020 15:29,26/06/2020 12:36,114800
24/06/2020 16:11,26/06/2020 21:22,73480
25/06/2020 17:53,27/06/2020 10:50,68800
24/06/2020 18:59,27/06/2020 10:17,141000
26/06/2020 5:29,28/06/2020 0:29,75000
25/06/2020 19:53,27/06/2020 22:18,80000
26/06/2020 3:53,28/06/2020 6:42,143300
26/06/2020 19:59,28/06/2020 12:26,105300
26/06/2020 15:29,28/06/2020 6:07,109800
27/06/2020 17:35,28/06/2020 20:06,129000
26/06/2020 23:11,28/06/2020 17:46,133400
28/06/2020 20:47,29/06/2020 23:46,121200
28/06/2020 6:11,30/06/2020 6:41,140200
28/06/2020 3:05,29/06/2020 11:42,124600
29/06/2020 7:05,30/06/2020 12:30,120000
29/06/2020 15:29,1/07/2020 14:02,146000
29/06/2020 12:47,1/07/2020 13:31,131800
29/06/2020 16:17,2/07/2020 1:17,120000
30/06/2020 7:11,3/07/2020 2:30,86500
29/06/2020 22:11,2/07/2020 14:16,79500
29/06/2020 8:41,1/07/2020 6:41,135600
30/06/2020 19:53,3/07/2020 2:54,71600
1/07/2020 1:47,3/07/2020 15:12,68800
1/07/2020 17:59,3/07/2020 23:15,67860
3/07/2020 1:35,4/07/2020 11:51,62000
2/07/2020 8:05,4/07/2020 7:10,134200
1/07/2020 15:59,4/07/2020 6:40,137550
2/07/2020 15:23,4/07/2020 9:30,105600
3/07/2020 2:11,5/07/2020 6:40,125000
3/07/2020 3:53,5/07/2020 9:00,146200
4/07/2020 10:29,5/07/2020 17:36,103200
5/07/2020 14:59,6/07/2020 18:14,77400
4/07/2020 2:47,5/07/2020 17:05,118900
5/07/2020 13:47,6/07/2020 6:40,116850
5/07/2020 14:41,6/07/2020 17:51,75300
5/07/2020 15:05,7/07/2020 6:39,119600
5/07/2020 17:17,7/07/2020 11:39,111800
5/07/2020 20:47,8/07/2020 6:39,132000
5/07/2020 22:23,8/07/2020 7:09,143800
6/07/2020 4:47,8/07/2020 19:00,106400
5/07/2020 18:53,7/07/2020 18:31,99000
7/07/2020 15:41,9/07/2020 8:16,72600
7/07/2020 16:47,9/07/2020 19:51,71700
7/07/2020 2:35,9/07/2020 7:53,80600
7/07/2020 21:35,10/07/2020 8:11,86000
9/07/2020 17:11,11/07/2020 1:44,75300
8/07/2020 15:47,10/07/2020 12:08,129000
9/07/2020 12:05,10/07/2020 16:39,128687
10/07/2020 2:11,11/07/2020 6:39,109000
10/07/2020 12:53,11/07/2020 20:52,79700
9/07/2020 11:05,10/07/2020 16:08,145400
10/07/2020 3:11,12/07/2020 6:37,123350
11/07/2020 12:41,12/07/2020 10:08,112000
11/07/2020 16:53,12/07/2020 14:26,72900
12/07/2020 0:29,13/07/2020 10:21,73600
12/07/2020 5:59,13/07/2020 10:44,60000
10/07/2020 15:29,12/07/2020 9:39,111650
12/07/2020 19:29,13/07/2020 15:38,73400
13/07/2020 3:35,14/07/2020 3:47,73600
11/07/2020 21:11,13/07/2020 6:36,137600
12/07/2020 21:17,14/07/2020 3:24,71100
13/07/2020 7:11,14/07/2020 10:55,154000
14/07/2020 1:11,15/07/2020 7:06,135800
14/07/2020 12:05,15/07/2020 23:45,68800
13/07/2020 14:11,15/07/2020 6:35,103200
13/07/2020 10:29,14/07/2020 15:15,82800
14/07/2020 8:11,15/07/2020 12:56,111400
14/07/2020 15:35,16/07/2020 20:47,78100
15/07/2020 0:05,17/07/2020 0:45,77400
14/07/2020 12:11,16/07/2020 12:36,125700
15/07/2020 1:53,17/07/2020 6:09,83200
16/07/2020 20:17,18/07/2020 1:57,79200
16/07/2020 6:53,17/07/2020 19:22,101383
15/07/2020 19:53,17/07/2020 13:37,124200
16/07/2020 9:47,17/07/2020 21:42,78600
17/07/2020 0:47,18/07/2020 9:57,130800
17/07/2020 4:23,19/07/2020 3:49,94100
17/07/2020 1:53,19/07/2020 3:26,68800
17/07/2020 0:47,18/07/2020 21:19,123400
17/07/2020 15:29,19/07/2020 7:56,61700
17/07/2020 16:17,19/07/2020 15:48,113000
18/07/2020 11:53,20/07/2020 4:30,67000
17/07/2020 18:11,19/07/2020 23:54,73250
18/07/2020 23:53,20/07/2020 16:50,80000
18/07/2020 10:17,20/07/2020 6:32,155000
19/07/2020 4:17,21/07/2020 0:34,68800
18/07/2020 20:17,20/07/2020 12:38,82800
20/07/2020 5:47,21/07/2020 17:47,62600
19/07/2020 11:35,21/07/2020 6:31,140500
19/07/2020 20:29,21/07/2020 14:10,87630
20/07/2020 12:41,22/07/2020 6:30,131000
20/07/2020 18:53,22/07/2020 10:00,117000
20/07/2020 18:23,22/07/2020 7:00,138000
21/07/2020 7:11,22/07/2020 18:40,74099
21/07/2020 10:29,23/07/2020 6:30,138600
21/07/2020 11:05,23/07/2020 19:38,60200
22/07/2020 4:41,24/07/2020 9:50,82377
21/07/2020 15:59,24/07/2020 6:29,113600
22/07/2020 0:47,24/07/2020 9:17,109200
23/07/2020 17:23,24/07/2020 12:30,73600
24/07/2020 1:29,25/07/2020 4:54,105550
22/07/2020 22:11,24/07/2020 10:10,140300
24/07/2020 2:41,25/07/2020 9:04,63050
25/07/2020 1:17,25/07/2020 9:24,122600
25/07/2020 6:29,25/07/2020 17:26,179098
23/07/2020 23:47,26/07/2020 10:16,122600
24/07/2020 21:17,26/07/2020 16:50,124288
25/07/2020 21:29,27/07/2020 6:26,138000
26/07/2020 0:35,27/07/2020 22:22,94600
27/07/2020 20:29,28/07/2020 11:42,64404
26/07/2020 5:11,27/07/2020 10:19,115000
27/07/2020 22:17,28/07/2020 20:14,108950
25/07/2020 7:29,26/07/2020 9:46,109200
28/07/2020 4:59,29/07/2020 7:16,88600
28/07/2020 19:41,30/07/2020 2:25,77400
26/07/2020 11:53,28/07/2020 11:10,109800
29/07/2020 17:05,30/07/2020 0:32,111000
29/07/2020 1:17,30/07/2020 12:27,125400
29/07/2020 20:59,30/07/2020 15:39,138000
30/07/2020 5:29,31/07/2020 6:53,128000
30/07/2020 7:41,31/07/2020 13:19,107167
29/07/2020 2:53,31/07/2020 6:23,123600
28/07/2020 20:59,1/08/2020 1:47,86600
29/07/2020 4:05,1/08/2020 2:07,110400
30/07/2020 11:47,1/08/2020 14:38,111800
31/07/2020 4:11,2/08/2020 4:12,64000
31/07/2020 5:29,2/08/2020 15:22,63200
30/07/2020 4:23,2/08/2020 1:57,91400
26/07/2020 14:17,1/08/2020 15:39,211550
31/07/2020 0:23,3/08/2020 8:40,68909
29/07/2020 16:35,1/08/2020 15:08,133800
27/07/2020 16:05,3/08/2020 16:42,60200
30/07/2020 21:53,3/08/2020 6:20,125100
30/07/2020 8:59,3/08/2020 16:19,88900
1/08/2020 8:35,4/08/2020 6:19,100000
29/07/2020 23:41,4/08/2020 17:10,75200
28/07/2020 20:05,4/08/2020 1:48,119000
2/08/2020 7:11,5/08/2020 19:25,60100
1/08/2020 22:41,4/08/2020 19:43,66600
1/08/2020 19:35,4/08/2020 17:33,72800
31/07/2020 16:17,5/08/2020 19:48,69400
1/08/2020 22:41,6/08/2020 6:28,71700
2/08/2020 12:29,6/08/2020 10:44,64600
3/08/2020 21:35,6/08/2020 22:59,86000
3/08/2020 4:59,6/08/2020 16:07,123350
31/07/2020 10:23,6/08/2020 10:11,118000
4/08/2020 9:05,7/08/2020 10:55,89750
2/08/2020 1:53,7/08/2020 6:16,137934
3/08/2020 0:17,7/08/2020 19:18,121400
2/08/2020 10:59,7/08/2020 17:03,60200
4/08/2020 11:11,8/08/2020 10:05,133500
4/08/2020 14:29,8/08/2020 7:44,124200
6/08/2020 17:11,9/08/2020 8:38,100900
7/08/2020 3:11,9/08/2020 6:13,123350
2/08/2020 8:53,9/08/2020 13:59,97900
8/08/2020 14:41,10/08/2020 0:42,88000
8/08/2020 15:41,10/08/2020 6:12,146000
11/08/2020 4:53,11/08/2020 5:18,67000
7/08/2020 7:11,11/08/2020 6:11,144900
10/08/2020 2:53,11/08/2020 17:24,123800
5/08/2020 6:47,12/08/2020 11:25,85100
12/08/2020 4:47,12/08/2020 5:12,111800
12/08/2020 13:05,12/08/2020 13:30,78934
9/08/2020 3:29,13/08/2020 14:03,87300
10/08/2020 13:35,12/08/2020 6:10,141124
5/08/2020 16:41,13/08/2020 6:09,153600
11/08/2020 7:41,13/08/2020 8:29,79050
11/08/2020 14:47,13/08/2020 17:16,158000
11/08/2020 15:29,14/08/2020 8:35,111899
12/08/2020 18:41,14/08/2020 16:03,135600
9/08/2020 11:59,14/08/2020 19:30,113300
13/08/2020 22:53,15/08/2020 13:53,103200
15/08/2020 8:23,16/08/2020 2:06,71900
12/08/2020 23:47,14/08/2020 22:34,105200
12/08/2020 19:05,15/08/2020 13:23,110440
13/08/2020 17:05,16/08/2020 14:24,77400
14/08/2020 11:59,16/08/2020 19:01,80500
14/08/2020 13:47,16/08/2020 6:05,127500
14/08/2020 9:59,17/08/2020 8:54,60000
14/08/2020 22:23,17/08/2020 16:08,88400
5/08/2020 6:17,17/08/2020 6:34,131700
16/08/2020 0:53,17/08/2020 23:41,68150
15/08/2020 3:23,17/08/2020 15:35,109800
15/08/2020 14:23,18/08/2020 23:49,60200
14/08/2020 13:47,18/08/2020 17:08,141800
14/08/2020 9:23,18/08/2020 16:38,123000
16/08/2020 1:35,17/08/2020 6:04,129000
17/08/2020 13:11,20/08/2020 6:18,85800
17/08/2020 10:59,19/08/2020 20:23,123400
18/08/2020 0:17,20/08/2020 18:25,100000
16/08/2020 15:59,19/08/2020 17:34,69400
20/08/2020 11:35,21/08/2020 9:50,75800
19/08/2020 18:11,21/08/2020 7:04,75600
21/08/2020 10:29,21/08/2020 21:43,85750
17/08/2020 21:53,22/08/2020 5:58,128200
21/08/2020 7:47,22/08/2020 6:28,130235
20/08/2020 9:05,22/08/2020 9:19,109200
22/08/2020 1:29,22/08/2020 16:46,124400
22/08/2020 9:47,23/08/2020 9:06,122000
21/08/2020 0:17,23/08/2020 20:35,98200
18/08/2020 19:23,22/08/2020 6:59,164800
21/08/2020 14:29,24/08/2020 9:15,72400
21/08/2020 5:35,23/08/2020 8:36,107800
23/08/2020 19:29,24/08/2020 9:38,73600
23/08/2020 23:35,25/08/2020 1:47,110400
23/08/2020 21:05,25/08/2020 5:54,138000
23/08/2020 13:23,25/08/2020 16:17,60200
23/08/2020 17:53,24/08/2020 21:14,77300
23/08/2020 14:11,25/08/2020 9:41,145500
24/08/2020 16:05,26/08/2020 11:00,62600
25/08/2020 20:41,27/08/2020 0:36,107800
24/08/2020 9:53,26/08/2020 10:27,131600
24/08/2020 6:59,27/08/2020 14:02,134100
26/08/2020 17:11,27/08/2020 10:56,131000
26/08/2020 6:23,26/08/2020 13:10,109000
27/08/2020 1:41,28/08/2020 11:45,108000
27/08/2020 16:47,28/08/2020 12:16,132200
26/08/2020 21:11,29/08/2020 0:57,62600
28/08/2020 7:41,29/08/2020 5:49,138100
28/08/2020 14:59,29/08/2020 12:25,135000
27/08/2020 7:35,29/08/2020 0:24,122500
23/08/2020 21:35,30/08/2020 1:04,124600
27/08/2020 10:59,30/08/2020 13:23,109800
27/08/2020 10:47,30/08/2020 8:54,118954
27/08/2020 23:35,31/08/2020 2:18,85400
28/08/2020 10:53,31/08/2020 15:09,105300
30/08/2020 12:41,1/09/2020 4:03,60200
30/08/2020 4:53,1/09/2020 3:40,75000
29/08/2020 7:29,31/08/2020 14:38,111800
29/08/2020 11:29,1/09/2020 15:35,60800
31/08/2020 14:11,2/09/2020 1:02,60450
30/08/2020 11:23,1/09/2020 15:55,115300
30/08/2020 14:47,2/09/2020 5:44,136200
30/08/2020 12:29,2/09/2020 8:35,117800
31/08/2020 23:41,2/09/2020 6:15,114800
1/09/2020 12:35,3/09/2020 6:57,68800
1/09/2020 10:53,2/09/2020 19:02,88000
2/09/2020 9:29,3/09/2020 18:27,66700
1/09/2020 8:17,2/09/2020 16:02,80000
3/09/2020 11:47,4/09/2020 2:22,92200
4/09/2020 2:35,4/09/2020 13:40,71100
1/09/2020 22:11,4/09/2020 5:41,128029
2/09/2020 6:23,4/09/2020 1:59,92600
4/09/2020 2:59,4/09/2020 16:00,102300
5/09/2020 15:59,5/09/2020 22:40,60200
5/09/2020 12:29,5/09/2020 14:26,129050
4/09/2020 8:17,5/09/2020 7:49,130800
5/09/2020 7:41,6/09/2020 8:14,64250
5/09/2020 14:05,6/09/2020 5:38,105000
7/09/2020 2:47,7/09/2020 3:12,108450
7/09/2020 15:35,7/09/2020 16:00,138000
7/09/2020 15:35,7/09/2020 16:30,100200
8/09/2020 3:17,8/09/2020 3:42,80200
8/09/2020 16:23,8/09/2020 16:48,143600
9/09/2020 7:41,9/09/2020 8:06,62999
8/09/2020 10:47,8/09/2020 11:12,142600
9/09/2020 5:41,9/09/2020 6:06,120400
9/09/2020 23:23,9/09/2020 23:48,122200
10/09/2020 18:17,10/09/2020 18:42,73300
11/09/2020 18:23,11/09/2020 18:48,69300
12/09/2020 3:11,12/09/2020 3:36,69106
11/09/2020 7:11,11/09/2020 7:36,177800
12/09/2020 13:29,12/09/2020 14:50,111800
12/09/2020 13:59,12/09/2020 15:23,87900
12/09/2020 12:05,12/09/2020 12:30,146500
13/09/2020 7:05,13/09/2020 7:30,68800
12/09/2020 20:47,13/09/2020 1:42,80500
13/09/2020 10:05,13/09/2020 13:55,64600
13/09/2020 11:53,13/09/2020 16:05,60200
14/09/2020 21:29,14/09/2020 21:54,73600
14/09/2020 22:05,14/09/2020 22:30,67000
15/09/2020 11:47,15/09/2020 12:12,132178
16/09/2020 3:17,16/09/2020 3:42,106800
16/09/2020 18:47,16/09/2020 19:12,85759
16/09/2020 12:23,16/09/2020 12:48,152900
16/09/2020 14:05,16/09/2020 14:30,74000
16/09/2020 19:53,17/09/2020 6:13,103200
16/09/2020 22:05,17/09/2020 14:37,124600
16/09/2020 6:05,16/09/2020 6:30,102700
17/09/2020 8:05,18/09/2020 5:22,129000
17/09/2020 9:11,18/09/2020 3:12,70325
18/09/2020 1:59,19/09/2020 8:27,60200
17/09/2020 23:35,19/09/2020 8:04,85000
17/09/2020 14:11,19/09/2020 5:20,123600
18/09/2020 15:05,19/09/2020 23:17,64400
18/09/2020 12:29,19/09/2020 11:18,101200
18/09/2020 11:05,19/09/2020 8:47,100400
18/09/2020 22:29,20/09/2020 5:19,113400
19/09/2020 23:53,20/09/2020 15:21,105600
19/09/2020 20:23,20/09/2020 8:21,119200
21/09/2020 3:17,21/09/2020 5:18,127000
21/09/2020 12:11,21/09/2020 12:36,109000
22/09/2020 9:11,22/09/2020 10:05,67200
21/09/2020 22:11,22/09/2020 5:46,129000
21/09/2020 20:05,22/09/2020 5:16,116000
22/09/2020 20:53,22/09/2020 21:48,128800
22/09/2020 8:05,22/09/2020 9:32,122000
23/09/2020 5:41,23/09/2020 10:16,120400
23/09/2020 4:05,23/09/2020 4:30,76502
23/09/2020 8:41,23/09/2020 10:46,107100
23/09/2020 19:11,24/09/2020 10:49,70500
23/09/2020 10:41,23/09/2020 22:35,101200
24/09/2020 10:05,24/09/2020 11:10,142500
24/09/2020 15:29,24/09/2020 15:54,105000
26/09/2020 4:47,26/09/2020 5:12,77600
25/09/2020 14:29,25/09/2020 14:54,133800
26/09/2020 8:29,26/09/2020 8:54,85500
26/09/2020 13:17,26/09/2020 13:42,82265
27/09/2020 0:41,27/09/2020 1:06,75600
26/09/2020 16:59,26/09/2020 17:24,140000
26/09/2020 14:11,27/09/2020 10:06,123290
28/09/2020 16:05,28/09/2020 16:30,119600
29/09/2020 0:59,29/09/2020 1:24,107100
28/09/2020 14:47,29/09/2020 18:56,63632
29/09/2020 8:47,29/09/2020 9:12,124400
29/09/2020 15:59,30/09/2020 5:36,105000
28/09/2020 21:23,30/09/2020 5:06,117100
29/09/2020 19:05,30/09/2020 15:42,101300
29/09/2020 7:47,30/09/2020 10:11,105300
29/09/2020 9:41,1/10/2020 4:50,108600
1/10/2020 4:23,2/10/2020 6:11,60000
28/09/2020 9:11,1/10/2020 16:44,124400
28/09/2020 10:05,30/09/2020 3:51,133900
30/09/2020 14:53,2/10/2020 5:48,66000
26/09/2020 6:17,2/10/2020 17:38,139900
26/09/2020 20:23,3/10/2020 6:30,125200
2/10/2020 15:17,3/10/2020 12:26,127603
26/09/2020 17:59,3/10/2020 7:01,121200
3/10/2020 1:35,4/10/2020 7:35,65000
27/09/2020 6:53,3/10/2020 7:31,147200
2/10/2020 23:35,4/10/2020 7:12,78270
3/10/2020 3:35,4/10/2020 19:20,107600
2/10/2020 1:53,5/10/2020 0:13,114627
3/10/2020 14:41,5/10/2020 5:00,136200
3/10/2020 12:35,5/10/2020 19:59,111100
4/10/2020 8:47,5/10/2020 8:37,126400
6/10/2020 1:05,6/10/2020 8:58,60200
6/10/2020 2:23,6/10/2020 20:48,94800
4/10/2020 16:17,6/10/2020 8:35,83370
7/10/2020 16:11,7/10/2020 17:34,65500
5/10/2020 15:29,7/10/2020 9:11,116500
7/10/2020 4:11,7/10/2020 18:43,107400
7/10/2020 22:17,8/10/2020 5:50,88000
8/10/2020 2:17,8/10/2020 8:43,140000
8/10/2020 21:59,9/10/2020 13:17,70500
8/10/2020 5:41,8/10/2020 22:33,111800
8/10/2020 19:59,9/10/2020 10:46,98400
4/10/2020 4:17,5/10/2020 8:06,125600
10/10/2020 3:29,10/10/2020 3:54,137900
10/10/2020 10:05,10/10/2020 11:39,150400
7/10/2020 3:35,10/10/2020 17:26,113150
10/10/2020 17:47,10/10/2020 18:12,109400
11/10/2020 1:41,11/10/2020 13:08,94600
10/10/2020 18:17,11/10/2020 12:45,77925
11/10/2020 6:41,12/10/2020 1:58,60200
11/10/2020 12:47,12/10/2020 5:21,125200
8/10/2020 0:47,12/10/2020 4:51,137132
12/10/2020 1:29,12/10/2020 13:10,168900
12/10/2020 12:17,12/10/2020 17:28,113600
8/10/2020 13:41,12/10/2020 12:39,108300
14/10/2020 11:05,14/10/2020 11:30,60600
9/10/2020 3:59,13/10/2020 14:54,115200
14/10/2020 23:29,14/10/2020 23:54,62600
14/10/2020 19:29,15/10/2020 4:59,137586
15/10/2020 21:23,15/10/2020 21:48,68800
15/10/2020 21:29,16/10/2020 4:47,137600
16/10/2020 6:59,16/10/2020 7:24,136800
16/10/2020 12:29,16/10/2020 12:54,145500
16/10/2020 20:05,16/10/2020 20:30,101000
16/10/2020 17:23,16/10/2020 17:48,116100
17/10/2020 14:11,17/10/2020 20:27,68200
17/10/2020 3:35,17/10/2020 18:51,81400
16/10/2020 22:41,17/10/2020 6:36,111800
18/10/2020 12:29,18/10/2020 12:54,60200
18/10/2020 12:35,18/10/2020 16:14,86940
18/10/2020 6:29,18/10/2020 7:25,127600
19/10/2020 3:47,19/10/2020 4:54,63300
19/10/2020 6:59,19/10/2020 7:24,68800
19/10/2020 10:53,19/10/2020 11:18,60200
19/10/2020 15:05,19/10/2020 20:08,90200
19/10/2020 10:17,19/10/2020 10:42,124600
20/10/2020 9:17,20/10/2020 15:00,60200
20/10/2020 1:41,20/10/2020 2:06,128300
20/10/2020 8:53,20/10/2020 9:18,115200
20/10/2020 14:35,21/10/2020 9:02,111600
20/10/2020 11:05,20/10/2020 20:47,86500
19/10/2020 16:17,19/10/2020 22:18,79000
20/10/2020 22:53,21/10/2020 9:32,122600
21/10/2020 1:47,22/10/2020 9:44,82800
21/10/2020 7:41,22/10/2020 13:38,103000
21/10/2020 6:17,22/10/2020 10:05,120800
21/10/2020 9:35,23/10/2020 2:49,66000
21/10/2020 17:23,23/10/2020 10:10,61600
21/10/2020 18:53,23/10/2020 16:56,68800
22/10/2020 5:05,23/10/2020 23:03,77400
23/10/2020 1:29,23/10/2020 23:46,123450
23/10/2020 1:29,24/10/2020 4:36,110200
22/10/2020 7:47,23/10/2020 23:26,73480
23/10/2020 2:11,24/10/2020 11:38,127000
23/10/2020 4:29,24/10/2020 16:20,140000
23/10/2020 9:41,25/10/2020 11:32,102300
23/10/2020 9:59,25/10/2020 12:03,118298
23/10/2020 11:29,25/10/2020 19:03,130200
24/10/2020 13:47,26/10/2020 12:04,68000
24/10/2020 12:41,26/10/2020 0:53,108200
23/10/2020 21:11,26/10/2020 0:22,107621
25/10/2020 5:59,27/10/2020 1:14,132400
25/10/2020 10:23,27/10/2020 1:44,101850
25/10/2020 15:59,27/10/2020 8:04,126300
26/10/2020 7:47,27/10/2020 13:29,100600
25/10/2020 18:05,27/10/2020 12:59,134900
26/10/2020 11:41,28/10/2020 4:36,122600
26/10/2020 14:23,28/10/2020 13:54,106200
27/10/2020 1:59,28/10/2020 14:25,116000
27/10/2020 15:17,29/10/2020 15:29,60000
28/10/2020 1:11,30/10/2020 4:36,94900
26/10/2020 22:35,29/10/2020 14:56,147200
27/10/2020 17:29,30/10/2020 4:12,76800
27/10/2020 10:59,29/10/2020 4:35,144800
28/10/2020 15:29,31/10/2020 5:29,60400
28/10/2020 5:17,30/10/2020 10:17,131000
28/10/2020 7:17,31/10/2020 4:56,107300
29/10/2020 3:05,31/10/2020 16:54,102000
27/10/2020 22:53,31/10/2020 12:09,140700
28/10/2020 9:47,1/11/2020 4:33,128799
29/10/2020 2:05,1/11/2020 7:38,111800
30/10/2020 3:11,1/11/2020 7:07,103400
29/10/2020 16:35,1/11/2020 17:50,121450
30/10/2020 15:41,2/11/2020 6:39,106000
30/10/2020 9:17,2/11/2020 18:54,103200
30/10/2020 2:59,2/11/2020 7:09,119200
30/10/2020 15:35,3/11/2020 4:31,131265
31/10/2020 12:05,3/11/2020 7:24,63400
29/10/2020 19:47,3/11/2020 7:44,121200
1/11/2020 17:35,4/11/2020 8:45,98450
31/10/2020 3:05,4/11/2020 17:28,132700
31/10/2020 13:11,4/11/2020 8:12,102000
3/11/2020 16:11,5/11/2020 6:50,129800
1/11/2020 9:23,5/11/2020 4:30,151400
4/11/2020 16:05,6/11/2020 9:41,111800
3/11/2020 5:17,6/11/2020 4:29,148650
30/10/2020 19:59,4/11/2020 4:30,116800
5/11/2020 0:17,6/11/2020 22:24,68800
6/11/2020 16:41,7/11/2020 11:15,72500
5/11/2020 6:23,7/11/2020 10:42,130800
6/11/2020 21:23,7/11/2020 23:32,84000
7/11/2020 4:11,8/11/2020 2:10,66320
6/11/2020 21:41,7/11/2020 23:55,80350
7/11/2020 12:17,8/11/2020 8:31,88900
4/11/2020 7:23,8/11/2020 11:24,158699
7/11/2020 1:41,8/11/2020 22:16,91000
7/11/2020 16:23,9/11/2020 4:28,130200
9/11/2020 10:29,9/11/2020 21:04,68200
9/11/2020 11:35,9/11/2020 15:03,146350
10/11/2020 10:53,10/11/2020 13:14,86000
10/11/2020 6:35,10/11/2020 7:00,103200
11/11/2020 15:29,11/11/2020 16:15,64400
10/11/2020 13:05,10/11/2020 16:24,109800
10/11/2020 1:23,10/11/2020 4:27,133000
11/11/2020 15:17,11/11/2020 15:42,107400
12/11/2020 3:47,12/11/2020 11:15,81600
11/11/2020 10:11,11/11/2020 10:36,129900
12/11/2020 16:35,12/11/2020 17:00,93000
13/11/2020 9:05,13/11/2020 9:30,151400
13/11/2020 17:17,13/11/2020 17:42,110700
14/11/2020 1:23,14/11/2020 1:48,81500
14/11/2020 1:11,14/11/2020 4:25,156400
13/11/2020 21:05,13/11/2020 21:30,78600
15/11/2020 21:17,15/11/2020 21:42,89600
15/11/2020 16:29,15/11/2020 18:16,136200
16/11/2020 10:35,16/11/2020 11:00,63200
15/11/2020 20:23,16/11/2020 4:25,132400
16/11/2020 18:29,17/11/2020 4:32,61900
16/11/2020 15:35,16/11/2020 19:38,68400
16/11/2020 22:05,17/11/2020 19:46,115400
16/11/2020 15:23,16/11/2020 17:01,119300
16/11/2020 2:17,16/11/2020 2:42,101200
17/11/2020 18:35,18/11/2020 20:26,80450
17/11/2020 6:53,19/11/2020 4:24,112000
17/11/2020 22:53,20/11/2020 0:19,68000
17/11/2020 7:59,19/11/2020 8:38,151600
17/11/2020 21:35,19/11/2020 22:09,68500
17/11/2020 23:35,20/11/2020 21:45,110400
19/11/2020 11:29,21/11/2020 4:33,91700
18/11/2020 11:11,21/11/2020 11:57,74150
17/11/2020 12:05,21/11/2020 9:47,70200
21/11/2020 21:53,22/11/2020 4:54,135000
20/11/2020 12:05,22/11/2020 4:23,124000
22/11/2020 6:29,22/11/2020 14:59,103200
22/11/2020 6:23,22/11/2020 11:24,144100
22/11/2020 11:23,23/11/2020 11:08,72843
22/11/2020 1:17,23/11/2020 11:29,140000
23/11/2020 13:53,24/11/2020 11:38,61600
22/11/2020 4:59,24/11/2020 21:13,73200
22/11/2020 2:53,24/11/2020 4:23,100600
23/11/2020 4:47,25/11/2020 8:27,125100
22/11/2020 19:35,25/11/2020 4:23,135800
23/11/2020 22:41,26/11/2020 4:23,146200
23/11/2020 14:29,26/11/2020 13:49,135500
24/11/2020 13:23,27/11/2020 4:23,142550
23/11/2020 0:47,25/11/2020 21:26,140000
22/11/2020 11:17,28/11/2020 3:15,101200
23/11/2020 11:35,27/11/2020 13:59,136800
23/11/2020 19:11,28/11/2020 15:44,126500
25/11/2020 21:17,29/11/2020 16:13,73199
25/11/2020 13:47,28/11/2020 15:14,116600
17/11/2020 1:47,17/11/2020 22:18,109800
25/11/2020 17:11,30/11/2020 5:07,139310
25/11/2020 23:35,29/11/2020 4:12,86840
25/11/2020 10:59,30/11/2020 17:20,101200
23/11/2020 4:35,1/12/2020 5:59,122000
27/11/2020 5:29,1/12/2020 18:23,134000
25/11/2020 23:11,2/12/2020 6:51,106800
27/11/2020 9:53,2/12/2020 4:23,141800
28/11/2020 2:59,2/12/2020 19:23,67720
25/11/2020 4:47,30/11/2020 11:54,114200
27/11/2020 18:17,3/12/2020 7:42,124600
27/11/2020 22:59,3/12/2020 20:39,121399
28/11/2020 18:35,3/12/2020 21:09,118000
28/11/2020 17:17,4/12/2020 8:35,87200
27/11/2020 11:47,4/12/2020 21:36,97000
26/11/2020 4:41,4/12/2020 4:24,132200
29/11/2020 21:17,4/12/2020 21:56,109200
30/11/2020 20:47,5/12/2020 22:11,66400
30/11/2020 16:23,5/12/2020 18:01,60200
26/11/2020 19:47,5/12/2020 4:24,151000
29/11/2020 13:11,5/12/2020 9:49,109200
1/12/2020 8:29,6/12/2020 10:18,63600
1/12/2020 11:05,6/12/2020 17:12,60000
30/11/2020 23:23,7/12/2020 0:19,68800
30/11/2020 17:17,6/12/2020 23:16,101947
2/12/2020 1:47,7/12/2020 7:43,82800
2/12/2020 0:17,6/12/2020 23:46,109000
2/12/2020 15:53,7/12/2020 17:02,60200
1/12/2020 9:35,7/12/2020 23:59,88000
2/12/2020 1:05,7/12/2020 4:47,71600
2/12/2020 9:59,8/12/2020 7:52,124040
3/12/2020 4:41,8/12/2020 12:07,78000
3/12/2020 22:41,8/12/2020 12:27,102200
4/12/2020 13:35,8/12/2020 23:59,78000
4/12/2020 20:29,9/12/2020 14:58,79000
4/12/2020 5:53,9/12/2020 4:26,125800
4/12/2020 17:05,9/12/2020 12:48,68800
4/12/2020 1:35,10/12/2020 1:48,130000
7/12/2020 10:11,10/12/2020 13:41,70600
7/12/2020 11:23,10/12/2020 20:33,64400
6/12/2020 11:05,11/12/2020 3:12,96800
8/12/2020 5:17,11/12/2020 14:19,63400
7/12/2020 17:41,11/12/2020 9:10,116200
5/12/2020 3:59,10/12/2020 6:25,94600
8/12/2020 10:47,12/12/2020 1:04,71000
7/12/2020 5:41,10/12/2020 8:35,68000
8/12/2020 19:29,12/12/2020 11:35,110400
9/12/2020 9:53,12/12/2020 18:01,105020
10/12/2020 3:23,13/12/2020 0:35,85900
8/12/2020 20:41,12/12/2020 15:41,110700
10/12/2020 8:41,13/12/2020 16:55,65661
9/12/2020 19:47,12/12/2020 22:15,106500
11/12/2020 8:59,14/12/2020 2:02,65300
11/12/2020 9:35,14/12/2020 5:32,100000
10/12/2020 15:23,13/12/2020 17:15,100500
12/12/2020 2:47,14/12/2020 17:47,100000
11/12/2020 12:53,14/12/2020 9:17,79200
12/12/2020 4:41,14/12/2020 22:07,64400
12/12/2020 10:53,15/12/2020 6:18,77400
13/12/2020 6:35,15/12/2020 17:28,77000
12/12/2020 14:11,15/12/2020 6:38,133800
12/12/2020 17:53,16/12/2020 5:21,132200
13/12/2020 4:11,15/12/2020 16:55,105300
14/12/2020 4:47,17/12/2020 4:30,139220
12/12/2020 2:53,15/12/2020 14:27,110200
15/12/2020 0:59,17/12/2020 20:52,60500
14/12/2020 3:41,16/12/2020 19:27,61200
14/12/2020 9:47,17/12/2020 20:18,111800
15/12/2020 10:59,18/12/2020 9:02,67000
15/12/2020 14:35,18/12/2020 20:48,80500
15/12/2020 18:23,18/12/2020 21:11,66835
15/12/2020 4:41,18/12/2020 8:29,109800
16/12/2020 1:59,19/12/2020 6:20,65000
16/12/2020 11:29,19/12/2020 17:57,91000
15/12/2020 14:17,18/12/2020 17:55,134400
16/12/2020 4:11,19/12/2020 14:12,131400
16/12/2020 17:17,19/12/2020 21:26,73600
16/12/2020 11:17,19/12/2020 23:36,90950
17/12/2020 8:41,20/12/2020 13:09,68800
18/12/2020 5:59,21/12/2020 1:53,65850
17/12/2020 20:35,21/12/2020 4:32,145500
16/12/2020 13:41,20/12/2020 22:11,129800
16/12/2020 13:41,21/12/2020 15:26,98200
17/12/2020 23:17,22/12/2020 4:33,137600
19/12/2020 11:23,22/12/2020 10:49,84700
19/12/2020 15:41,22/12/2020 11:09,141000
17/12/2020 5:35,21/12/2020 6:52,143900
19/12/2020 23:17,23/12/2020 2:33,110200
20/12/2020 0:53,23/12/2020 11:15,125200
19/12/2020 15:17,24/12/2020 4:35,130900
20/12/2020 16:47,24/12/2020 5:06,138400
21/12/2020 10:59,24/12/2020 11:53,126600
13/12/2020 13:17,25/12/2020 4:35,164300
21/12/2020 1:41,25/12/2020 5:06,129200
21/12/2020 4:59,25/12/2020 13:16,140750
21/12/2020 5:53,25/12/2020 12:45,138600
22/12/2020 2:41,26/12/2020 4:36,145400
21/12/2020 6:05,26/12/2020 13:35,129000
21/12/2020 17:35,27/12/2020 14:47,77400
22/12/2020 9:17,26/12/2020 14:06,139700
23/12/2020 3:11,27/12/2020 2:30,112600
24/12/2020 6:11,27/12/2020 15:07,113800
23/12/2020 23:23,27/12/2020 15:38,133800
24/12/2020 11:29,28/12/2020 7:47,124600
25/12/2020 9:35,28/12/2020 15:52,64000
22/12/2020 20:23,28/12/2020 16:13,117710
24/12/2020 14:29,29/12/2020 4:39,155500
24/12/2020 21:29,29/12/2020 17:10,112000
24/12/2020 22:05,30/12/2020 18:11,145700
25/12/2020 7:41,30/12/2020 5:35,106000
25/12/2020 19:47,29/12/2020 17:43,78000
25/12/2020 20:59,29/12/2020 20:05,106000
26/12/2020 5:29,,109700
26/12/2020 10:17,,121700
26/12/2020 17:11,,80900
27/12/2020 6:11,,134400
27/12/2020 12:05,,138000
27/12/2020 19:35,,114250
28/12/2020 5:59,,87400
28/12/2020 17:23,,129000
28/12/2020 20:59,,119600
29/12/2020 1:11,,69055
29/12/2020 1:47,,142550
29/12/2020 5:59,,142500
29/12/2020 17:41,,84600
30/12/2020 12:41,,119200
30/12/2020 16:59,,113200
30/12/2020 17:59,,142500
